Do you prefer to teach back-to-back classes?,Recipient Last Name,Recipient First Name,"Mark each time slot with an X  from 7:30 am until 5:20 pm that you are not free to teach because of your course/seminar schedule. Please note that 90-minute classes block out two consecutive time slots. For example, if you are taking a Tuesday, Thursday 10:30-11:45 am class, then you should mark the four slots T 10:30-11:20, T 11:30-12:20, Th 10:30-11:20, and Th 11:30-12:20.
 
Remember: Unmarked time slots mean you are available to teach at that time. - 7:30am-8:20am - Monday","Mark each time slot with an X  from 7:30 am until 5:20 pm that you are not free to teach because of your course/seminar schedule. Please note that 90-minute classes block out two consecutive time slots. For example, if you are taking a Tuesday, Thursday 10:30-11:45 am class, then you should mark the four slots T 10:30-11:20, T 11:30-12:20, Th 10:30-11:20, and Th 11:30-12:20.
 
Remember: Unmarked time slots mean you are available to teach at that time. - 7:30am-8:20am - Tuesday","Mark each time slot with an X  from 7:30 am until 5:20 pm that you are not free to teach because of your course/seminar schedule. Please note that 90-minute classes block out two consecutive time slots. For example, if you are taking a Tuesday, Thursday 10:30-11:45 am class, then you should mark the four slots T 10:30-11:20, T 11:30-12:20, Th 10:30-11:20, and Th 11:30-12:20.
 
Remember: Unmarked time slots mean you are available to teach at that time. - 7:30am-8:20am - Wednesday","Mark each time slot with an X  from 7:30 am until 5:20 pm that you are not free to teach because of your course/seminar schedule. Please note that 90-minute classes block out two consecutive time slots. For example, if you are taking a Tuesday, Thursday 10:30-11:45 am class, then you should mark the four slots T 10:30-11:20, T 11:30-12:20, Th 10:30-11:20, and Th 11:30-12:20.
 
Remember: Unmarked time slots mean you are available to teach at that time. - 7:30am-8:20am - Thursday","Mark each time slot with an X  from 7:30 am until 5:20 pm that you are not free to teach because of your course/seminar schedule. Please note that 90-minute classes block out two consecutive time slots. For example, if you are taking a Tuesday, Thursday 10:30-11:45 am class, then you should mark the four slots T 10:30-11:20, T 11:30-12:20, Th 10:30-11:20, and Th 11:30-12:20.
 
Remember: Unmarked time slots mean you are available to teach at that time. - 7:30am-8:20am - Friday","Mark each time slot with an X  from 7:30 am until 5:20 pm that you are not free to teach because of your course/seminar schedule. Please note that 90-minute classes block out two consecutive time slots. For example, if you are taking a Tuesday, Thursday 10:30-11:45 am class, then you should mark the four slots T 10:30-11:20, T 11:30-12:20, Th 10:30-11:20, and Th 11:30-12:20.
 
Remember: Unmarked time slots mean you are available to teach at that time. - 8:30am-9:20am - Monday","Mark each time slot with an X  from 7:30 am until 5:20 pm that you are not free to teach because of your course/seminar schedule. Please note that 90-minute classes block out two consecutive time slots. For example, if you are taking a Tuesday, Thursday 10:30-11:45 am class, then you should mark the four slots T 10:30-11:20, T 11:30-12:20, Th 10:30-11:20, and Th 11:30-12:20.
 
Remember: Unmarked time slots mean you are available to teach at that time. - 8:30am-9:20am - Tuesday","Mark each time slot with an X  from 7:30 am until 5:20 pm that you are not free to teach because of your course/seminar schedule. Please note that 90-minute classes block out two consecutive time slots. For example, if you are taking a Tuesday, Thursday 10:30-11:45 am class, then you should mark the four slots T 10:30-11:20, T 11:30-12:20, Th 10:30-11:20, and Th 11:30-12:20.
 
Remember: Unmarked time slots mean you are available to teach at that time. - 8:30am-9:20am - Wednesday","Mark each time slot with an X  from 7:30 am until 5:20 pm that you are not free to teach because of your course/seminar schedule. Please note that 90-minute classes block out two consecutive time slots. For example, if you are taking a Tuesday, Thursday 10:30-11:45 am class, then you should mark the four slots T 10:30-11:20, T 11:30-12:20, Th 10:30-11:20, and Th 11:30-12:20.
 
Remember: Unmarked time slots mean you are available to teach at that time. - 8:30am-9:20am - Thursday","Mark each time slot with an X  from 7:30 am until 5:20 pm that you are not free to teach because of your course/seminar schedule. Please note that 90-minute classes block out two consecutive time slots. For example, if you are taking a Tuesday, Thursday 10:30-11:45 am class, then you should mark the four slots T 10:30-11:20, T 11:30-12:20, Th 10:30-11:20, and Th 11:30-12:20.
 
Remember: Unmarked time slots mean you are available to teach at that time. - 8:30am-9:20am - Friday","Mark each time slot with an X  from 7:30 am until 5:20 pm that you are not free to teach because of your course/seminar schedule. Please note that 90-minute classes block out two consecutive time slots. For example, if you are taking a Tuesday, Thursday 10:30-11:45 am class, then you should mark the four slots T 10:30-11:20, T 11:30-12:20, Th 10:30-11:20, and Th 11:30-12:20.
 
Remember: Unmarked time slots mean you are available to teach at that time. - 9:30am-10:20am - Monday","Mark each time slot with an X  from 7:30 am until 5:20 pm that you are not free to teach because of your course/seminar schedule. Please note that 90-minute classes block out two consecutive time slots. For example, if you are taking a Tuesday, Thursday 10:30-11:45 am class, then you should mark the four slots T 10:30-11:20, T 11:30-12:20, Th 10:30-11:20, and Th 11:30-12:20.
 
Remember: Unmarked time slots mean you are available to teach at that time. - 9:30am-10:20am - Tuesday","Mark each time slot with an X  from 7:30 am until 5:20 pm that you are not free to teach because of your course/seminar schedule. Please note that 90-minute classes block out two consecutive time slots. For example, if you are taking a Tuesday, Thursday 10:30-11:45 am class, then you should mark the four slots T 10:30-11:20, T 11:30-12:20, Th 10:30-11:20, and Th 11:30-12:20.
 
Remember: Unmarked time slots mean you are available to teach at that time. - 9:30am-10:20am - Wednesday","Mark each time slot with an X  from 7:30 am until 5:20 pm that you are not free to teach because of your course/seminar schedule. Please note that 90-minute classes block out two consecutive time slots. For example, if you are taking a Tuesday, Thursday 10:30-11:45 am class, then you should mark the four slots T 10:30-11:20, T 11:30-12:20, Th 10:30-11:20, and Th 11:30-12:20.
 
Remember: Unmarked time slots mean you are available to teach at that time. - 9:30am-10:20am - Thursday","Mark each time slot with an X  from 7:30 am until 5:20 pm that you are not free to teach because of your course/seminar schedule. Please note that 90-minute classes block out two consecutive time slots. For example, if you are taking a Tuesday, Thursday 10:30-11:45 am class, then you should mark the four slots T 10:30-11:20, T 11:30-12:20, Th 10:30-11:20, and Th 11:30-12:20.
 
Remember: Unmarked time slots mean you are available to teach at that time. - 9:30am-10:20am - Friday","Mark each time slot with an X  from 7:30 am until 5:20 pm that you are not free to teach because of your course/seminar schedule. Please note that 90-minute classes block out two consecutive time slots. For example, if you are taking a Tuesday, Thursday 10:30-11:45 am class, then you should mark the four slots T 10:30-11:20, T 11:30-12:20, Th 10:30-11:20, and Th 11:30-12:20.
 
Remember: Unmarked time slots mean you are available to teach at that time. - 10:30am-11:20am - Monday","Mark each time slot with an X  from 7:30 am until 5:20 pm that you are not free to teach because of your course/seminar schedule. Please note that 90-minute classes block out two consecutive time slots. For example, if you are taking a Tuesday, Thursday 10:30-11:45 am class, then you should mark the four slots T 10:30-11:20, T 11:30-12:20, Th 10:30-11:20, and Th 11:30-12:20.
 
Remember: Unmarked time slots mean you are available to teach at that time. - 10:30am-11:20am - Tuesday","Mark each time slot with an X  from 7:30 am until 5:20 pm that you are not free to teach because of your course/seminar schedule. Please note that 90-minute classes block out two consecutive time slots. For example, if you are taking a Tuesday, Thursday 10:30-11:45 am class, then you should mark the four slots T 10:30-11:20, T 11:30-12:20, Th 10:30-11:20, and Th 11:30-12:20.
 
Remember: Unmarked time slots mean you are available to teach at that time. - 10:30am-11:20am - Wednesday","Mark each time slot with an X  from 7:30 am until 5:20 pm that you are not free to teach because of your course/seminar schedule. Please note that 90-minute classes block out two consecutive time slots. For example, if you are taking a Tuesday, Thursday 10:30-11:45 am class, then you should mark the four slots T 10:30-11:20, T 11:30-12:20, Th 10:30-11:20, and Th 11:30-12:20.
 
Remember: Unmarked time slots mean you are available to teach at that time. - 10:30am-11:20am - Thursday","Mark each time slot with an X  from 7:30 am until 5:20 pm that you are not free to teach because of your course/seminar schedule. Please note that 90-minute classes block out two consecutive time slots. For example, if you are taking a Tuesday, Thursday 10:30-11:45 am class, then you should mark the four slots T 10:30-11:20, T 11:30-12:20, Th 10:30-11:20, and Th 11:30-12:20.
 
Remember: Unmarked time slots mean you are available to teach at that time. - 10:30am-11:20am - Friday","Mark each time slot with an X  from 7:30 am until 5:20 pm that you are not free to teach because of your course/seminar schedule. Please note that 90-minute classes block out two consecutive time slots. For example, if you are taking a Tuesday, Thursday 10:30-11:45 am class, then you should mark the four slots T 10:30-11:20, T 11:30-12:20, Th 10:30-11:20, and Th 11:30-12:20.
 
Remember: Unmarked time slots mean you are available to teach at that time. - 11:30am-12:20pm - Monday","Mark each time slot with an X  from 7:30 am until 5:20 pm that you are not free to teach because of your course/seminar schedule. Please note that 90-minute classes block out two consecutive time slots. For example, if you are taking a Tuesday, Thursday 10:30-11:45 am class, then you should mark the four slots T 10:30-11:20, T 11:30-12:20, Th 10:30-11:20, and Th 11:30-12:20.
 
Remember: Unmarked time slots mean you are available to teach at that time. - 11:30am-12:20pm - Tuesday","Mark each time slot with an X  from 7:30 am until 5:20 pm that you are not free to teach because of your course/seminar schedule. Please note that 90-minute classes block out two consecutive time slots. For example, if you are taking a Tuesday, Thursday 10:30-11:45 am class, then you should mark the four slots T 10:30-11:20, T 11:30-12:20, Th 10:30-11:20, and Th 11:30-12:20.
 
Remember: Unmarked time slots mean you are available to teach at that time. - 11:30am-12:20pm - Wednesday","Mark each time slot with an X  from 7:30 am until 5:20 pm that you are not free to teach because of your course/seminar schedule. Please note that 90-minute classes block out two consecutive time slots. For example, if you are taking a Tuesday, Thursday 10:30-11:45 am class, then you should mark the four slots T 10:30-11:20, T 11:30-12:20, Th 10:30-11:20, and Th 11:30-12:20.
 
Remember: Unmarked time slots mean you are available to teach at that time. - 11:30am-12:20pm - Thursday","Mark each time slot with an X  from 7:30 am until 5:20 pm that you are not free to teach because of your course/seminar schedule. Please note that 90-minute classes block out two consecutive time slots. For example, if you are taking a Tuesday, Thursday 10:30-11:45 am class, then you should mark the four slots T 10:30-11:20, T 11:30-12:20, Th 10:30-11:20, and Th 11:30-12:20.
 
Remember: Unmarked time slots mean you are available to teach at that time. - 11:30am-12:20pm - Friday","Mark each time slot with an X  from 7:30 am until 5:20 pm that you are not free to teach because of your course/seminar schedule. Please note that 90-minute classes block out two consecutive time slots. For example, if you are taking a Tuesday, Thursday 10:30-11:45 am class, then you should mark the four slots T 10:30-11:20, T 11:30-12:20, Th 10:30-11:20, and Th 11:30-12:20.
 
Remember: Unmarked time slots mean you are available to teach at that time. - 12:30pm-1:20pm - Monday","Mark each time slot with an X  from 7:30 am until 5:20 pm that you are not free to teach because of your course/seminar schedule. Please note that 90-minute classes block out two consecutive time slots. For example, if you are taking a Tuesday, Thursday 10:30-11:45 am class, then you should mark the four slots T 10:30-11:20, T 11:30-12:20, Th 10:30-11:20, and Th 11:30-12:20.
 
Remember: Unmarked time slots mean you are available to teach at that time. - 12:30pm-1:20pm - Tuesday","Mark each time slot with an X  from 7:30 am until 5:20 pm that you are not free to teach because of your course/seminar schedule. Please note that 90-minute classes block out two consecutive time slots. For example, if you are taking a Tuesday, Thursday 10:30-11:45 am class, then you should mark the four slots T 10:30-11:20, T 11:30-12:20, Th 10:30-11:20, and Th 11:30-12:20.
 
Remember: Unmarked time slots mean you are available to teach at that time. - 12:30pm-1:20pm - Wednesday","Mark each time slot with an X  from 7:30 am until 5:20 pm that you are not free to teach because of your course/seminar schedule. Please note that 90-minute classes block out two consecutive time slots. For example, if you are taking a Tuesday, Thursday 10:30-11:45 am class, then you should mark the four slots T 10:30-11:20, T 11:30-12:20, Th 10:30-11:20, and Th 11:30-12:20.
 
Remember: Unmarked time slots mean you are available to teach at that time. - 12:30pm-1:20pm - Thursday","Mark each time slot with an X  from 7:30 am until 5:20 pm that you are not free to teach because of your course/seminar schedule. Please note that 90-minute classes block out two consecutive time slots. For example, if you are taking a Tuesday, Thursday 10:30-11:45 am class, then you should mark the four slots T 10:30-11:20, T 11:30-12:20, Th 10:30-11:20, and Th 11:30-12:20.
 
Remember: Unmarked time slots mean you are available to teach at that time. - 12:30pm-1:20pm - Friday","Mark each time slot with an X  from 7:30 am until 5:20 pm that you are not free to teach because of your course/seminar schedule. Please note that 90-minute classes block out two consecutive time slots. For example, if you are taking a Tuesday, Thursday 10:30-11:45 am class, then you should mark the four slots T 10:30-11:20, T 11:30-12:20, Th 10:30-11:20, and Th 11:30-12:20.
 
Remember: Unmarked time slots mean you are available to teach at that time. - 1:30pm-2:20pm - Monday","Mark each time slot with an X  from 7:30 am until 5:20 pm that you are not free to teach because of your course/seminar schedule. Please note that 90-minute classes block out two consecutive time slots. For example, if you are taking a Tuesday, Thursday 10:30-11:45 am class, then you should mark the four slots T 10:30-11:20, T 11:30-12:20, Th 10:30-11:20, and Th 11:30-12:20.
 
Remember: Unmarked time slots mean you are available to teach at that time. - 1:30pm-2:20pm - Tuesday","Mark each time slot with an X  from 7:30 am until 5:20 pm that you are not free to teach because of your course/seminar schedule. Please note that 90-minute classes block out two consecutive time slots. For example, if you are taking a Tuesday, Thursday 10:30-11:45 am class, then you should mark the four slots T 10:30-11:20, T 11:30-12:20, Th 10:30-11:20, and Th 11:30-12:20.
 
Remember: Unmarked time slots mean you are available to teach at that time. - 1:30pm-2:20pm - Wednesday","Mark each time slot with an X  from 7:30 am until 5:20 pm that you are not free to teach because of your course/seminar schedule. Please note that 90-minute classes block out two consecutive time slots. For example, if you are taking a Tuesday, Thursday 10:30-11:45 am class, then you should mark the four slots T 10:30-11:20, T 11:30-12:20, Th 10:30-11:20, and Th 11:30-12:20.
 
Remember: Unmarked time slots mean you are available to teach at that time. - 1:30pm-2:20pm - Thursday","Mark each time slot with an X  from 7:30 am until 5:20 pm that you are not free to teach because of your course/seminar schedule. Please note that 90-minute classes block out two consecutive time slots. For example, if you are taking a Tuesday, Thursday 10:30-11:45 am class, then you should mark the four slots T 10:30-11:20, T 11:30-12:20, Th 10:30-11:20, and Th 11:30-12:20.
 
Remember: Unmarked time slots mean you are available to teach at that time. - 1:30pm-2:20pm - Friday","Mark each time slot with an X  from 7:30 am until 5:20 pm that you are not free to teach because of your course/seminar schedule. Please note that 90-minute classes block out two consecutive time slots. For example, if you are taking a Tuesday, Thursday 10:30-11:45 am class, then you should mark the four slots T 10:30-11:20, T 11:30-12:20, Th 10:30-11:20, and Th 11:30-12:20.
 
Remember: Unmarked time slots mean you are available to teach at that time. - 2:30pm-3:20pm - Monday","Mark each time slot with an X  from 7:30 am until 5:20 pm that you are not free to teach because of your course/seminar schedule. Please note that 90-minute classes block out two consecutive time slots. For example, if you are taking a Tuesday, Thursday 10:30-11:45 am class, then you should mark the four slots T 10:30-11:20, T 11:30-12:20, Th 10:30-11:20, and Th 11:30-12:20.
 
Remember: Unmarked time slots mean you are available to teach at that time. - 2:30pm-3:20pm - Tuesday","Mark each time slot with an X  from 7:30 am until 5:20 pm that you are not free to teach because of your course/seminar schedule. Please note that 90-minute classes block out two consecutive time slots. For example, if you are taking a Tuesday, Thursday 10:30-11:45 am class, then you should mark the four slots T 10:30-11:20, T 11:30-12:20, Th 10:30-11:20, and Th 11:30-12:20.
 
Remember: Unmarked time slots mean you are available to teach at that time. - 2:30pm-3:20pm - Wednesday","Mark each time slot with an X  from 7:30 am until 5:20 pm that you are not free to teach because of your course/seminar schedule. Please note that 90-minute classes block out two consecutive time slots. For example, if you are taking a Tuesday, Thursday 10:30-11:45 am class, then you should mark the four slots T 10:30-11:20, T 11:30-12:20, Th 10:30-11:20, and Th 11:30-12:20.
 
Remember: Unmarked time slots mean you are available to teach at that time. - 2:30pm-3:20pm - Thursday","Mark each time slot with an X  from 7:30 am until 5:20 pm that you are not free to teach because of your course/seminar schedule. Please note that 90-minute classes block out two consecutive time slots. For example, if you are taking a Tuesday, Thursday 10:30-11:45 am class, then you should mark the four slots T 10:30-11:20, T 11:30-12:20, Th 10:30-11:20, and Th 11:30-12:20.
 
Remember: Unmarked time slots mean you are available to teach at that time. - 2:30pm-3:20pm - Friday","Mark each time slot with an X  from 7:30 am until 5:20 pm that you are not free to teach because of your course/seminar schedule. Please note that 90-minute classes block out two consecutive time slots. For example, if you are taking a Tuesday, Thursday 10:30-11:45 am class, then you should mark the four slots T 10:30-11:20, T 11:30-12:20, Th 10:30-11:20, and Th 11:30-12:20.
 
Remember: Unmarked time slots mean you are available to teach at that time. - 3:30pm-4:20pm - Friday","Mark each time slot with an X  from 7:30 am until 5:20 pm that you are not free to teach because of your course/seminar schedule. Please note that 90-minute classes block out two consecutive time slots. For example, if you are taking a Tuesday, Thursday 10:30-11:45 am class, then you should mark the four slots T 10:30-11:20, T 11:30-12:20, Th 10:30-11:20, and Th 11:30-12:20.
 
Remember: Unmarked time slots mean you are available to teach at that time. - 3:30pm-4:20pm - Thursday","Mark each time slot with an X  from 7:30 am until 5:20 pm that you are not free to teach because of your course/seminar schedule. Please note that 90-minute classes block out two consecutive time slots. For example, if you are taking a Tuesday, Thursday 10:30-11:45 am class, then you should mark the four slots T 10:30-11:20, T 11:30-12:20, Th 10:30-11:20, and Th 11:30-12:20.
 
Remember: Unmarked time slots mean you are available to teach at that time. - 3:30pm-4:20pm - Wednesday","Mark each time slot with an X  from 7:30 am until 5:20 pm that you are not free to teach because of your course/seminar schedule. Please note that 90-minute classes block out two consecutive time slots. For example, if you are taking a Tuesday, Thursday 10:30-11:45 am class, then you should mark the four slots T 10:30-11:20, T 11:30-12:20, Th 10:30-11:20, and Th 11:30-12:20.
 
Remember: Unmarked time slots mean you are available to teach at that time. - 3:30pm-4:20pm - Tuesday","Mark each time slot with an X  from 7:30 am until 5:20 pm that you are not free to teach because of your course/seminar schedule. Please note that 90-minute classes block out two consecutive time slots. For example, if you are taking a Tuesday, Thursday 10:30-11:45 am class, then you should mark the four slots T 10:30-11:20, T 11:30-12:20, Th 10:30-11:20, and Th 11:30-12:20.
 
Remember: Unmarked time slots mean you are available to teach at that time. - 3:30pm-4:20pm - Monday","Mark each time slot with an X  from 7:30 am until 5:20 pm that you are not free to teach because of your course/seminar schedule. Please note that 90-minute classes block out two consecutive time slots. For example, if you are taking a Tuesday, Thursday 10:30-11:45 am class, then you should mark the four slots T 10:30-11:20, T 11:30-12:20, Th 10:30-11:20, and Th 11:30-12:20.
 
Remember: Unmarked time slots mean you are available to teach at that time. - 4:30pm-5:20pm - Friday","Mark each time slot with an X  from 7:30 am until 5:20 pm that you are not free to teach because of your course/seminar schedule. Please note that 90-minute classes block out two consecutive time slots. For example, if you are taking a Tuesday, Thursday 10:30-11:45 am class, then you should mark the four slots T 10:30-11:20, T 11:30-12:20, Th 10:30-11:20, and Th 11:30-12:20.
 
Remember: Unmarked time slots mean you are available to teach at that time. - 4:30pm-5:20pm - Thursday","Mark each time slot with an X  from 7:30 am until 5:20 pm that you are not free to teach because of your course/seminar schedule. Please note that 90-minute classes block out two consecutive time slots. For example, if you are taking a Tuesday, Thursday 10:30-11:45 am class, then you should mark the four slots T 10:30-11:20, T 11:30-12:20, Th 10:30-11:20, and Th 11:30-12:20.
 
Remember: Unmarked time slots mean you are available to teach at that time. - 4:30pm-5:20pm - Wednesday","Mark each time slot with an X  from 7:30 am until 5:20 pm that you are not free to teach because of your course/seminar schedule. Please note that 90-minute classes block out two consecutive time slots. For example, if you are taking a Tuesday, Thursday 10:30-11:45 am class, then you should mark the four slots T 10:30-11:20, T 11:30-12:20, Th 10:30-11:20, and Th 11:30-12:20.
 
Remember: Unmarked time slots mean you are available to teach at that time. - 4:30pm-5:20pm - Tuesday","Mark each time slot with an X  from 7:30 am until 5:20 pm that you are not free to teach because of your course/seminar schedule. Please note that 90-minute classes block out two consecutive time slots. For example, if you are taking a Tuesday, Thursday 10:30-11:45 am class, then you should mark the four slots T 10:30-11:20, T 11:30-12:20, Th 10:30-11:20, and Th 11:30-12:20.
 
Remember: Unmarked time slots mean you are available to teach at that time. - 4:30pm-5:20pm - Monday"
"{""ImportId"":""QID5""}","{""ImportId"":""recipientLastName""}","{""ImportId"":""recipientFirstName""}","{""ImportId"":""QID1_1_1""}","{""ImportId"":""QID1_1_2""}","{""ImportId"":""QID1_1_3""}","{""ImportId"":""QID1_1_4""}","{""ImportId"":""QID1_1_5""}","{""ImportId"":""QID1_2_1""}","{""ImportId"":""QID1_2_2""}","{""ImportId"":""QID1_2_3""}","{""ImportId"":""QID1_2_4""}","{""ImportId"":""QID1_2_5""}","{""ImportId"":""QID1_3_1""}","{""ImportId"":""QID1_3_2""}","{""ImportId"":""QID1_3_3""}","{""ImportId"":""QID1_3_4""}","{""ImportId"":""QID1_3_5""}","{""ImportId"":""QID1_4_1""}","{""ImportId"":""QID1_4_2""}","{""ImportId"":""QID1_4_3""}","{""ImportId"":""QID1_4_4""}","{""ImportId"":""QID1_4_5""}","{""ImportId"":""QID1_5_1""}","{""ImportId"":""QID1_5_2""}","{""ImportId"":""QID1_5_3""}","{""ImportId"":""QID1_5_4""}","{""ImportId"":""QID1_5_5""}","{""ImportId"":""QID1_6_1""}","{""ImportId"":""QID1_6_2""}","{""ImportId"":""QID1_6_3""}","{""ImportId"":""QID1_6_4""}","{""ImportId"":""QID1_6_5""}","{""ImportId"":""QID1_7_1""}","{""ImportId"":""QID1_7_2""}","{""ImportId"":""QID1_7_3""}","{""ImportId"":""QID1_7_4""}","{""ImportId"":""QID1_7_5""}","{""ImportId"":""QID1_8_1""}","{""ImportId"":""QID1_8_2""}","{""ImportId"":""QID1_8_3""}","{""ImportId"":""QID1_8_4""}","{""ImportId"":""QID1_8_5""}","{""ImportId"":""QID1_9_5""}","{""ImportId"":""QID1_9_4""}","{""ImportId"":""QID1_9_3""}","{""ImportId"":""QID1_9_2""}","{""ImportId"":""QID1_9_1""}","{""ImportId"":""QID1_10_5""}","{""ImportId"":""QID1_10_4""}","{""ImportId"":""QID1_10_3""}","{""ImportId"":""QID1_10_2""}","{""ImportId"":""QID1_10_1""}"
Yes,Polak,Raechel,,,,,,,,,,,,,,,,,,,,,,,,,,,,,,,,,,,,,,,,,,,,,,,,,,
Yes,Khan,Shahbaz,,,,,,,,,,,,,,,,,,,,,,,,,,,,,,,,,,,,,,,,,,,,,,,,,,
No preference,Li,Jiaxing,,,,,,,,,,,,,,,,,X,,X,,,X,,X,,,,,,,,,,,,X,,X,,X,,,,,,X,X,,X,X
Yes,Zou,Ruipeng,,,,,,,,,,,,,,,,,,,,,,,,,,,,,,,,,,X,,X,,X,,,,,X,,X,,,,,
Yes,Brickner,Rose,,,,,,,,,,,X,,X,,X,,,,,,,,,,,,,,,,,X,X,X,,,X,,X,,X,,X,,X,,,,,
Yes,Aly,Ibrahim,X,X,X,X,X,X,X,X,X,X,X,X,X,X,X,X,X,X,X,X,X,X,X,X,X,X,X,X,X,X,X,X,X,X,X,,,,,,,,,,,,,,,
No,Chuah,Howen,,,,,,,,,,,X,,X,,X,,,,,,,,,X,,,,,X,,,,,X,,,,,,,,,,,,,,,,
,Aitokhuehi,Ayooluwanitemi,,,,,,,,,,,,,,,,,,,,,,,,,,,,,,,,,,,,,,,,,,,,,,,,,,
Yes,Polychronidis,Georgios-Nikolaos,,,,,,,,,,,X,,X,,X,,X,,X,,X,X,,X,,,,,,,,,,,,,,,,,,,,,,,,,,
Yes,Srinivasan,Vittal,,,,,,,,,,,,,,,,,,,,,,,,,,,,,,,,,,,,x,,x,,x,,,,,,,,,,
Yes,Chen,Yineng,X,X,X,X,X,,,,,,,,,,,,,,,,,,,,,,,,,,,,,,,,X,,X,,,X,,X,,,X,,X,X
Yes,Makarova,Maiia,,,,,,,,,,,,,,,,,,,,,,,,,,,,,,,,,,,,,X,,X,,,X,,X,,,X,,X,
Yes,Wong,Katherine,,,,,,,,,,,,,,,,,X,,X,,X,X,X,X,X,,,,,,,,,,,,,,,,X,,X,,X,,,,,
,Manivannan,Harshavardhini,,,,,,,,,,,,,,,,,,,,,,,,,,,,,,,,,,,,,,,,,,,,,,,,,,
No preference,Shaikh,Abbas,,,,,,,,,,,,,,,,,,,,,,,,,,,,,,,,,,,,,,,,,,,,,,,,,,
,Touroude,Alexandre,,,,,,,,,,,,,,,,,,,,,,,,,,,,,,,,,,,,,,,,,,,,,,,,,,
No preference,Qiu,Shengwei,,,,,,,,,,,,,,,,,,,,,x,x,,,,x,x,,,,,,,,,,,,,,x,x,x,x,x,,,,,
Yes,Hong,Kyungtak Brian,,,,,,,,,,,,,,,,,,,,,,,,,,,,,,,,,,,,,,,,,,,,,,,,,,
Yes,Nolan,Cian,,,,,,,,,,,,,,,,,,,,,X,,X,,X,,,,,,,,,,,,,,,,,,,,,,,,,
Yes,Somasundaram,Siva,,,,,,,,,,,,,,,,,,,,,,,X,,,,,X,,,,,X,,,,,X,,,,,X,,,,,,,
Yes,Madison,Robert,x,x,x,x,x,,,,,,,,,,,,,,,,,,,,,,,,,,,,,,,,,,,,,,,,,,,,,
Yes,Weisenburger,Karl,,,,,,,,,,,,,,,,,,,,,,X,,X,,,X,,X,,,,,,,,,,,,,X,,,,,X,,,
No preference,Fessler,Austin,,,,,,,,,,,x,,x,,x,,,,,,x,x,x,x,x,,x,,x,,,,,,,,x,,x,,,x,,x,,,,,,
Yes,Santori,Luis,,,,,,,,,,,,,,,,X,,X,,X,X,,X,,X,,,,,,,,,,,,X,,X,,,X,,X,,,,,,
No preference,Rehwinkel,Philip F,,,,,,,,,,,,,,,,,X,,X,,,X,,X,,,,,,,,,,,,,,,,,,X,,X,,,X,,X,
Yes,Henry,Carolyn,,,,,,,,,,,,,,,,,,,,,,,,,,,,,,,,,,,,,,,,,,,,,,,,,,
Yes,Wu,Xiaohan,X,X,X,X,X,X,X,X,X,X,X,X,X,X,X,X,X,X,X,X,,X,,X,,,,,,,,,,,,,,,,,,,,,,,,,,
Yes,Anderson,Sarah,X,X,X,X,X,X,X,X,X,X,,,,,,,,,,,,,,,,,,,,,,,,,,,,,,,,,,,,,,,,
,Fragapane,Matthew,,,,,,,,,,,,,,,,,,,,,,,,,,,,,,,,,,,,,,,,,,,,,,,,,,
No preference,Agrawal,Ishaan,,,,,,,,,,,,,,,,,,,,,,,,,,,,,,,x,,x,,x,,,,,,,,,,,,,,,
Yes,Vo,Hoang,,,,,,,,,,,,,,,,,X,,X,,,X,,X,,,,,,,X,,X,,X,,,,,,,,,,,,X,,X,
,Marlin,Benjamin,,,,,,,,,,,,,,,,,,,,,,,,,,,,,,,,,,,,,,,,,,,,,,,,,,
Yes,Balasubramanian,Varun,,,,,,,,,,,x,,x,,x,x,,x,,x,,,,,,,,,,,,,,,,,,,,,,,,,,,,,,
Yes,Doyle,Benjamin A,,,,,,,,,,,,,,,,,,,,,,,,,,,,,,,,,,,,,,,,,,,,,,,,X,,
Yes,Batavia,Manav,,,,,,X,X,X,X,X,X,X,X,X,X,,,,,,,,,,,,,,,,,,,,,,,,,,,,,,,,,,,
Yes,O'Connor,Samuel,,X,,X,,,X,,X,,,X,,X,,,X,,X,,,X,,X,,,X,,X,,,X,,X,,,X,,X,,X,X,X,X,X,X,X,X,X,X
Yes,Bouw,Hudson,,,,,,,,,,,,,,,,X,,X,,X,X,,X,,X,,,,,,,,,,,,,,,,X,X,X,X,X,X,X,X,X,X
Yes,Bhargava,Ataleshvara Acharya,,,,,,,,,,,,,,,,,,,,,,,,,,,,,,,,,,,,,,,,,,,,,,,,,,
Yes,Yuzhao,Chen,,,,,,,,,,,,,,,,,,,,,,,,,,,,,,,,,,,,,,,,,,,,,,,,,,
,Duba,Haley E,,,,,,,,,,,,,,,,,,,,,,,,,,,,,,,,,,,,,,,,,,,,,,,,,,
Yes,Sinha,Vinit,,,,,,,,,,,,,,,,X,,X,,X,,,,,,,,,,,,,,,,,,,,,,,,,,,,,,
No preference,Cruz Castillo,Omar Alexis,,,,,,,,,,,,,,,,,X,,X,,,X,,X,,,,,,,,X,,X,,,X,,X,,X,,X,,X,,,,,
Yes,Wadhwa,Dhruv,,,,,,,,,,,,,,,,X,,X,,X,,,,,,,,,,,X,,X,,X,X,,X,,X,,,,,,,,,,
Yes,Morales,Pedro,x,x,x,x,x,,,,,,,,,,,,,,,,,,,,,,,,,,X,,,,,,,,,,X,,X,,X,,,,,
Yes,Chavali,Abhinav,,,,,,,,,,,,,,,,,X,,X,,,X,,X,,,X,,X,,,,,,,X,,X,,X,X,,X,,X,X,,X,,X
Yes,Chlopecki,Anna Natalie,,,,,,,,,,,,,,,,,X,,X,,,X,,X,,,,,,,,,X,,,,,,,,,,,,,,,,,
Yes,Waidyarathne,Heva Rathnage Hasani Sanjitha,,,,,,,X,,X,,,X,,X,,X,,X,,X,X,,X,,X,,,,,,,,,,,,,,,,,,,,,,X,,X,
Yes,Conran,Emma,,,,,,x,,x,,x,x,,x,,x,,,,,,,,,,,,,,,,,,,,,,,,,,x,,x,,x,x,,x,,x
Yes,Yu,Andy,,,,,,,,,,,,,,,,x,,x,,x,,,,,,,,,,,,,,,,x,,x,,x,,,,,,,x,,x,
Yes,Ashkarian,Estepan Kirakos,,,,,,,,,,,,,,,,,,,,,,,X,,,,,X,,,,,X,,,,,,,,,,,,,,,,,
Yes,Nathe,Joel,,,,,,,,,,,,,,,,,,,,,,,,,,,,,,,,,,,,,,,,,x,,x,,x,,,,,
Yes,Liu,Zijin,,X,,X,,,X,,X,,,,,,,,,,,X,,,,,X,,,,,,,,,,,,X,,X,,,X,,X,,,,,,
Yes,Dunaisky,Tyler Joseph,,,,,,,,,,,,,,,,,,,,,,,,,,,,,,,,X,,X,,,X,,X,,,,,,,,,,,
Yes,Melo,Anthony,,,,,,,,,,,X,,X,,X,,X,,X,,,X,,X,,,,,,,,,,,,,,,,,,,,,,,X,,X,
Yes,Ni,Zhaorui,,,,,,,,,,,,,,,,,,,,,,,,,,,,,,,,,,,,,,,,,,,,,,,,,,
Yes,Chen,Ying,X,X,X,X,X,,,,,,,,,,,,,,,,,,,,,,,,,,,,,,,X,X,X,X,X,X,X,X,X,X,X,X,X,X,X
Yes,Baring,Geoffrey Owen,,,,,,,,,,,,,,,,,x,,x,,x,x,,x,x,x,,,,x,,,,,,,,,,,,,,,,,x,,x,
No preference,Zhao,Fangwei,,,,,,,,,,,,,,,,,X,X,X,,,X,,X,,,,,,,,,,,,,,,,,,,,,,,X,,X,
Yes,Das,Arka,,,,,,,,,,,,,,,,X,,X,,X,,X,,,,,,,,,,,,,,,,,,,X,,X,,X,,,,,
No preference,Robert,Eudes,,,,,,,,,,,,,,,,,,,,,,,,,,,,,,,,,,,,,,,,,,,,,,,,,,
No,Zhang,Boqiang,,,,,,,,,,,,,,,,,,,,,,,,,,,,,,,,,,x,,,,x,,,,,x,x,,,,,,
Yes,Yandell,Evan,,,,,,,,,,,,,,,,,,,,,,X,,X,,,X,,X,,,X,,X,,,X,,X,,,X,,X,,,,,,
Yes,Cordova,Dominic,,,,,,X,,X,,X,,,,,,,X,,XX,,,X,,,,,,,,,,,,,,,,,,,,,,,,,,,,
Yes,Zhang,Yuchuan,,,,,,X,,X,,X,,,,,,X,X,X,X,X,,X,,X,X,,,,,,,,,,,,,,,,,,,,,,,,,X
No preference,Bruhnke,Tyler,,,,,,,X,,X,,,X,,X,,X,,X,,X,,,,,,,,,,,,X,X,X,,,X,,X,,,,X,,,,,,,
No preference,Huang,Jiarui,,,,,,,,,,,,,,,,X,,X,,X,,,,,,,,,,,,X,,X,,,X,,X,,,,,,,,X,,X,
,Zhang,Minghui,x,x,x,x,x,x,x,x,x,x,x,x,x,x,x,x,x,x,x,x,x,x,x,x,x,,,,,,,,,,,,,,,,,,,,,,,,,
Yes,Torres,Jaime,,,,,,,X,,X,,,X,,X,,,,,,,,,,,,X,,X,,X,,,X,,,,,,,,,,X,,,,,,,
No preference,Seyedpour,Reyhaneh Sadat,X,X,X,X,X,,X,,X,,,X,,X,,,,,,,,,,,,,,,,,,,,,,,,,,,,,,,,,,,,
Yes,Thai,Giovani,,,,,,,,,,,,,,,,X,,X,,X,,X,,X,,,X,,X,,,,,,,,X,,X,,,X,,X,,,,,,
Yes,Lancette,Steven,,,,,,,,,,,,,,,,,,,,,,,,,,,,,,,,,,,,,,,,,,,,,,,,,,
No preference,Kapsin,Nathan,,,,,,,,,,,,,,,,,X,,X,,,X,,X,,,,,,,,,,,,,,,,,,,,,,,X,,X,
Yes,Gutwein,Linda,,,,,,,,,,,,,,,,,,,,,,,,,,,,,,,,,,,,,,,,,,,,,,x,x,x,x,x
Yes,Sivachandran,Karthik,,,,,,,,,,,,,,,,,,,,,,,,,,,,,,,,X,,X,,,X,,X,,X,X,X,X,X,X,X,X,X,X
No preference,Guess,Spencer,,,,,,,,,,,,,,,,,,,,,,,,,,,,,,,,,,,,,,,,,,,,,,,,,,
Yes,Haug,John,,,,,,,,,,,,,,,,,,,,,,,,,,,,,,,,,,,,,,,,,,,,,,,,,,
,Herrera Garro,Cesar Andres,,,,,,,,,,,,,,,,,,,,,,,,,,,,,,,,,,,,,,,,,,,,,,,,,,
Yes,Matijasevick,Mateo,,,,,,,,,,,,,,,,,,,,,,,,,,,,,,,,,,,,,X,,X,,,X,,X,,,,,,
Yes,Tang,Zijie,,,,,,,,,,,,,,,,,,,,,,,,,,X,,X,,X,X,,X,,X,,X,,X,,,X,,X,,,,,,
Yes,Villarreal Styles,Nicholas Daniel,,,,,,,,,,,,X,,X,,,X,,X,,,X,,X,,,X,,X,,,X,,X,,,X,,X,,,X,,X,,,,,,
No,Jones,Kyle,,,,,,,,,,,,,,,,,,,,,,,,x,,,,,,,,,,x,,x,,x,,x,x,,x,,x,,,,,
Yes,Mandokhot,Anjali,x,x,x,x,x,x,x,x,x,x,,,,,,,,,,,,,,,,,,,,,,,,,,x,,,,,,,,,x,,,,,x
Yes,Carper,Patrick James,,,,,,,,,,,,,,,,,,,,,,,,,,,,,,,,,,,,,,,,,,,,,,,,,,
Yes,Moran Lamas,Andres,,,,,,,,,,,X,,X,,X,,,,,,,,,X,,,,,,,,,,,,,,,,,,,X,,,,,,,
Yes,Singh,Mansimar,,,,,,,X,,X,,,X,,X,,X,,X,,X,,,,,,,,,,,,,,X,,X,,X,,,,,X,,X,,,,,
Yes,Bairnsfather,Christopher Alan,,,,,,,,,,,,,,,,,X,,X,,,X,,X,,,,,,,,,,,,,,,,,,,,,,,,,,
Yes,Deb,Aristha,,,,,,,,,,,,,,,,X,,X,,X,,,,,,,,,,,,,,,,,X,,X,,,X,,X,,,,,,
,Ozochiawaeze,General Obiora,,,,,,,,,,,,,,,,,,,,,,,,,,,,,,,,,,,,,,,,,,,,,,,,,,
Yes,Cano,Alejandro,x,,,,,x,,,,,,,,,,,x,,x,,,,,,,,,,,,,,,,,,,,,,,,,,,,x,,x,
Yes,Chen,Nathan,,,,,,,,,,,,X,,X,,X,,X,,X,,X,,X,,X,X,X,X,X,,,,,,,,,,,,,,,,,X,,X,
Yes,Xie,Bryant JJ,,,,,,,,,,,,,,,,X,,X,,X,X,,X,,X,,,,,,,,,,,,,,,,,,,,,,X,,X,
Yes,Barrientos Lopez,Jose Manuel,,,,,,,,,,,,,,,,,,,,,,X,,,X,,,,,X,,,,,X,,,X,,,,X,X,X,,,X,,X,
Yes,Weiland,June,,,,,,,,,,,,,,,,,,,,,,,,,,,,,,,,,X,,,,,X,,,,,X,,,,X,,,
No preference,Lopez-Gallo,Silvia Maria,,,,,,,,,,,,,,,,x,,x,,x,,,,,,x,,x,,x,,,,,,,,,,,x,,x,,x,,,,,
Yes,Manning,Amanda,,,,,,,,,,,,,,,,,,,,,,,,,,,,,,,,,,,,,,,,,,,,,,,,,,
Yes,Crouch,Trey,,,,,,,,,,,X,,X,,X,,,,,,X,,X,,X,,,,,,,,,,,,,,,,,,,,,,X,,X,
No preference,Deng,Zhiheng,X,,X,,X,X,,X,,X,X,,X,,X,X,,X,,X,,,,,,,,,,,,,,,,,,,,,,,,,,,,,X,
Yes,Stuart,Jonas,,,,,,,,,,,x,,x,,x,x,,x,,x,x,,x,,x,,,,,,,,,,,,,,,,,,,,,,,,,
No preference,Keith,Ashton,,,,,,,,,,,,,,,,,X,,X,,,X,,X,,,,,,,,,,,,,,,,,,,,,,,,,,
No preference,Wan,Hongfu,,,,,,,,,,,,,,,,,,,,1,,1,,1,1,,1,,1,,,,,,,,1,,1,,,1,,1,,,,,,1
No preference,Pence,Zachariah Anthony,,,,,,,,,,,,,,,,X,X,X,X,X,,,,,,,,,,,,,,,,,,,,,,,,,,,X,,X,
Yes,Wackerfuss,Matthew,,,,,,,,,,,,,,,,X,X,X,X,X,,X,,X,,,,,,,,,,,,,,,,,X,,X,,X,,X,,X,
Yes,Gao,Suyi Stanley,X,X,X,X,X,X,X,X,X,X,,,,,,,X,,X,,,X,,X,,,,,,,,,,,,,,,,,,,,,,,,,,
Yes,Ali,Fawzan,,,,,,,X,,X,,,X,,X,,X,,X,,X,,,,,,X,,X,,X,,,X,,,X,,X,,X,,,X,,,,,,,
Yes,Roscow,Dylan,,,,,,,,,,,,,,,,X,,X,,X,,,,X,,,,,,,,,,,,,,,,,,,,X,,,X,,X,
Yes,Partaker,Conner Lee,,,,,,,,,,,,,,,,,,,,,,,,X,,,,,,,,,X,,,,,X,,,,,X,,,,,,,
Yes,Gil Torres,Emmanuel,,,,,,,,,,,,,,,,,,,,,,,,,,,,,,,,,,,,,,,,,,,,,,,,,,
Yes,Sullivan,Madison Ann,,,,,,,,,,,,,,,,,,,,X,X,,,,X,,,,,,,,,,,,,,,,,,,,,,,,,
,ABDULLAEV,ULUGBEK,,,,,,,,,,,,,,,,,,,,,,,,,,,,,,,,,,,,,,,,,,,,,,,,,,
Yes,Towne,Brian,,,,,,,,,,,,,,,,,,,,,,,,,,,,,,,,,,,,,,,,,,,,,,,,,,
Yes,Mudrak,Benjamin,,,,,,,,,,,,,,,,,,,,,,,,,,,,,,,,,,,,,,,,,,,,,,,,,,
No preference,Kong,Xiangrui,,,,,,,,,,,,,,,,,,,,,,,,,,,,,,,,,,,,,,,,,,,,,,,,,,
Yes,Wu,Junyi,,,,,,,,,,,,,,,,,,,,,,,,,,,,,,,,,,,,,,,,,,,,,,,,,,
Yes,Yuan,Lian,,,,,,,,,,,,,,,,,,,,,,,,,,,,,,,,,,,,,,,,,,,,,,,,,,
Yes,Vasisht,Karthik Suraj,,,,,,,X,,X,,,X,,X,,,,,,,,,,,,,,,,,,,,,,,,,,,,,,,,,,,,
Yes,Konpola,Asini Anuradhika,,,,,,,,,,,,,,,,,,,,,,,,,,,,,,,,,,,,,,,,,,,,,,,,,,
Yes,Ouseph,Chrisil,,,,,,,,,,,,,,,,,,,,,,,,,,,,,,,,,,,,,,,,,,,,,,,X,,X,
Yes,Gorripati,Meghana,,,,,,,,,,,,,,,,,,,,,,,,,,,,,,,,,,,,,,,,,,,,,,,,,,
Yes,Stoll,Franz,,,,,,,,,,,,,,,,,,,x,,,,,x,,,,,,,,,,,,,,,,,,,,,,,,,,
,Raginsky,Juliet,,,,,,,,,,,,,,,,,,,,,,,,,,,,,,,,,,,,,,,,,,,,,,,,,,
Yes,Ahmed,Tausif,,,,,,X,,X,,X,,,,,,,,,,,,,,,,,,,,,,X,,X,,,X,,X,,,,,,,,X,,X,
Yes,Basistha,Amit,,,,,,,,,,,X,,X,,X,,,,,,,,,,,,,,,,,,,,,,,,,,,,,,,,,,,
Yes,Priya,Shruti,,,,,,,,,,,,X,,,,X,X,X,X,X,,,,,,,,,,,,X,,X,,,,,,,,,,,,,X,,X,
Yes,Hellmann,Henry,,,,,,,,,,,,,,,,,,,,,,,,,,,,,,,,,,,,,,,,,,,,,,,,,,
No preference,Mojsilovic,Jelena,X,X,X,X,X,X,X,X,X,X,,,,,,,,,,,,,,,,,,X,,,,,X,,,,,,,,,,,,,,,,,
Yes,Donn,Marshall,,,,,,,,,,,,,,,,X,,X,,X,,,,,,X,,X,,X,,X,,X,,,X,,X,,,,,,,,,,,
Yes,Hsu,Alexander Yi Kang,,,,,,,,,,,,,,,,,,,,,,,,,,,,,,,,,,,,,X,,X,,,X,,X,,,X,X,X,X
,Gismondi,Nicholas Dominic,,,,,,,,,,,,,,,,,,,,,,,,,,,,,,,,,,,,,,,,,,,,,,,,,,
,Garner,Julia,,,,,,,,,,,,,,,,,,,,,,,,,,,,,,,,,,,,,,,,,,,,,,,,,,
Yes,Tan,Oliver,,,,,,,,,,,X,,X,,X,,,,,,,,,,,,,,,,,,,,,X,,X,,X,,,,,,,,,,
Yes,Vu,Thi Huong Thu,,,,,,,,,,,,,,,,x,x,x,x,x,x,x,x,x,x,,,,,,,,,,,,,,,,,,,,,,,,,
Yes,Dorang,Matthew,,,,,,,,,,,,,,,,X,,X,,X,X,,X,,X,,,,,,,X,,X,,,X,,X,,,,,,,,X,,X,
,Munoz,Marissa,,,,,,,,,,,,,,,,,,,,,,,,,,,,,,,,,,,,,,,,,,,,,,,,,,
Yes,Clem,Stian,,,,,,,,,,,,,,,,,,,,,,,,,,,,,,,,,,,,,,,,,,,,,,,,,,
,Stahl,Kale,,,,,,,,,,,,,,,,,,,,,,,,,,,,,,,,,,,,,,,,,,,,,,,,,,
Yes,Akdenizli,Mert,,,,,,,,,,,,,,,,,,X,,,,,X,,,,,X,,,,,X,,,,,X,,,,,X,,,,,X,,
No preference,Contreras Mantilla,Jose,,,,,,,,,,,,,,,,X,,X,,X,X,,X,,X,,,,,,,,,,,,,,,,,,,,,,,,,
Yes,Moser,Reuben,,,,,,,,,,,X,,X,,X,X,,X,,X,,,,,,,,,,,,X,,X,,,X,,X,,,,,,,,,,,
Yes,Balasubramanian Ramakrishna,Barath,,,,,,,X,,X,,,X,,X,,,,,,,,,,,,,,,,,,,X,,,,,X,,,,,X,,,,,X,,
No preference,Leyva,Daniel,,,,,,,,,,,,,,,,,,,,,,,,,,,,,,,,,,,,x,x,x,x,x,x,x,x,x,x,x,x,x,x,x
Yes,Diaz-Wahl,George N,x,x,x,x,x,x,x,x,x,x,x,x,x,x,x,,,,,,,,,,,,,,,,,,,,,,,,,,,,,,,,,,,
No preference,Gull,Laiba,X,,X,,X,X,,X,,X,,,,,,,,,,X,,,,,X,,,,,,,X,,X,,,X,,X,,,,,,,,X,,X,
Yes,Wu-Yip,Yannis,,,,,,,X,,X,,,X,,X,,,,,,,,,,,,,,,,,,,,,,,,,X,,,,X,X,,,X,X,X,
Yes,Long,Roland,,,,,,,,,,,,,,,,X,,X,,X,X,,X,,X,,,,,,,,,,,,X,,X,,X,X,X,X,X,,,,,
Yes,Daley,Lance,,,,,,X,,X,,X,,,,,,,,,,,,X,,X,X,,X,,X,,,,,,,,,,,,,,,,,,,,,X
Yes,Miga,Luke,,,,,,,X,,X,,X,X,X,X,X,X,,X,,X,,,,,,,,,,,,X,,X,,,X,,X,,,,,,,,,,,
Yes,Dixon,Robert Scott,x,x,x,x,x,x,x,x,x,x,x,x,x,x,x,x,,x,,x,,,,,,,,,,,,,,,,,,,,,,,,,,x,,x,,x
,Wen,Brian,,,,,,,,,,,,,,,,,,,,,,,,,,,,,,,,,,,,,,,,,,,,,,,,,,
Yes,Collins,Mary Katharine,,,,,,,,,,,,,,,,,,,,,,,,,,,,,,,,,,,,,,,,,,,,,,,,,,
Yes,Mackewicz,Athaliah,,,,,,,,,,,,,,,,,,,,,X,X,X,X,X,,X,,X,,,,,,,,,,,,,,,,,,,,,
Yes,Utley,Jeffrey W,,,,,,,,,,,,,,,,,,,,X,,X,,X,X,,X,,X,,,,,,,,,,,,,X,,,,,X,,,
No preference,Arceo,Amyneth,,,,,,X,,X,,X,,,,,,X,,X,,X,,,,,,,,,,,,,,,,X,,X,,X,,,,,,,,,,
Yes,Moses,Skip,,,,,,,x,,x,,,x,,x,,,,,,,,,,,,X,,X,,X,,,,,,,,,,,,,,,,,X,,X,
Yes,Yashwanth,Ramesh,,,,,,,,,,,,,,,,x,,x,,x,,,,,,,,,,,,,,,,,,,,,,,,,,,,,,
Yes,Burke,Tianna,,,,,,,,,,,,,,,,,,,,,,,,,,,,,,,,,,,,,,,,,,,,,,,,,,
Yes,,,,,,,,,x,,x,,,x,,x,,,,,,,,,,,,x,,x,,x,,,,,,,,,,,,,,,,,x,,x,
Yes,Hassan,Zafar,,,,,,,,,,,,,,,,,,,,,,,,,,,,,,,,,,,,,,,,,,,,,,,,,,
,Douden,Joshua David,,,,,,,,,,,,,,,,,,,,,,,,,,,,,,,,,,,,,,,,,,,,,,,,,,
Yes,Li,Yik,,,,,,,,,,,,,,,,x,,x,,x,x,,x,,x,,,,,,,x,,x,,,x,,x,,,,,,,,,,,
Yes,Dang,Manmeet,,,,,,,,,,,,,,,,,,,,,,,,,,,,,,,,,,,,,,,,,,,,,,,,,,
,Roeder,Benjamin,,,,,,,,,,,,,,,,,,,,,,,,,,,,,,,,,,,,,,,,,,,,,,,,,,
Yes,Lemley,Harrison,,,,,,x,x,x,x,x,x,x,x,x,x,,,,,,,,,,x,,,,,,,,,,,,,,,,,,,,,,,,,
No,Kundu,Ankit,,,,,,,,,,,,,,,,,,,,,,,,,,,,,,,,,,,,,,,,,,,,,,,,,,
Yes,Wan,Hao,,,,,,X,,X,,X,X,,X,,X,,,,,,,,,,,,X,,,,,X,,,,,X,,,,,,,,,,,,,
Yes,Pabon Cancel,Eric,,,,,,,,,,,,,,,,,,,,,,x,,x,,,x,,x,,,,,,,,x,,x,,x,x,x,x,x,,,,,
Yes,Barnes,Russell,,,,,,,,,,,,, x,,,,,x,,,,,,,,,,,,,,,,,,,,,,,,,,,,,,,,
,Nawaz,Mustafa,,,,,,,,,,,,,,,,,,,,,,,,,,,,,,,,,,,,,,,,,,,,,,,,,,
Yes,Thompson,Connor,,,,,,,,,,,,,,,,,,,,,,,,,,,,,,,,,,,,,,,,,,,,,,,,,,
Yes,Odondi,Asenath,x,x,x,x,x,x,x,x,x,x,x,x,x,x,x,,,,,,,,,,,,,,,,,,,,,,,,,,x,x,x,x,x,x,x,x,x,x
Yes,Nadi,Sina,,,,,,,,,,,,,,,,,X,,X,,,X,,X,,X,,X,,X,,,,,,,,,,,X,,X,,X,,X,,X,
Yes,Pathak,Mandon,,,,,,,,,,,,x,,X,,X,X,x,X,X,X,X,x,X,X,,,,,,,,,,,,,,,,,,,,,,,,,
Yes,Rahman,Md Mahmudur,,,,,,,,,,,,,,,,,,,,,,,,,,,,,,,x,x,x,x,x,,x,,x,,,,,,,x,,x,,x
No preference,Sheikh,Ali Ghazanfar,,,,,,,,,,,,,,,,,,,,,,,,,,,,,,,,,,,,,,,,,,,,,,,,,,
Yes,Moshe,Rivkah,,x,,,,x,x,,,,,x,,x,,x,,x,,x,,,,,,,x,,x,,,,,,,,x,,x,,,x,,x,,,x,,x,
Yes,Kavouras,Andreas,,,,,,,,,,,,,,,,,,,,,,X,,,,,X,,,,,X,,,,,X,,,,,,,,,,,,,
Yes,Nguyen,Uyen,,,,,,,x,,x,,,x,,x,,,x,,x,,x,x,x,x,x,,x,,x,,,x,,x,,,x,x,x,,,,x,,,,x,,x,
No preference,Kibria,Md Hasan,,,,,,,,,,,,,,,,,,,,,X,X,X,X,X,,X,,X,,,,,,,,,,,,X,,X,,X,,,,,
Yes,Alladin,Muttaqi Ahmad,,,,,,,,,,,x,,x,,x,x,x,x,x,x,,x,,x,,,,,,,x,,x,,x,,,,,,,,,,,,,,,
Yes,Shah,Ehan,,,,,,,X,,X,,X,X,X,X,X,,,,,,,,,,,,,,,,,,,,,,,,,,,,,,,,,,,
Yes,Wightman,Deanna,,,,,,,,,,,,,,,,,,,,,,,,,,,,X,,,,,X,,,,,X,,,,,X,,,,,X,,
Yes,Bhat,Dhruv,,,,,,,x,,x,,x,x,x,x,x,,x,x,x,,,,,,,,,,,,,,,,,,,,,,,,,,,,,,,
Yes,Tambakos,Dimitrios,,,,,,,X,,X,,,X,,X,,,,,,,,,,,,,,,,,,,,,,,,,,,,,,,,,,X,,X
Yes,Monaco,Michael,,,,,,,,,,,,,,,,,,,,,,,,,,,,,,,,,,,,,,,,,,,,,,,,,,
Yes,Ram,Raghav,,,,,,,,,,,,,,,,,,,,,,,,,,,,,,,,,,,,,x,,x,,,x,,x,,,,,,
No preference,Qasem,Yusra,,,,,,,,,,,,,,,,,,,,,,,,,,,,,,,,X,,X,,X,X,X,X,X,,,,,,,X,,X,
No preference,Gracyk,Andrew,,,,,,,,,,,,,,,,,,,,,X,X,,X,,,X,,X,,,X,,X,,,X,,X,,,,,,,,,,,X
Yes,Baier,Otto Clark,,,,,,,,,,,,X,,,,X,X,X,,X,,,,,,,,,,,,,X,,,,,X,,,,,,X,,,,,,
Yes,Kessinger,Ethan,,,,,,,,,x,,,,,x,,x,,x,x,x,x,,,x,,x,,,x,,,,,,,,,,,,,,,,,,,,,
Yes,Fines,Risa,,,,,,,X,,X,,,X,,X,,,,,,,,,,,,,,,,,,,,,,,,,,,,,,,,,,,,
Yes,Poole,Michael,,,,,,,,,,,,,,,,,,,x,,x,,x,,x,,,,x,,,,,,,,,,,,x,,x,,x,,,,,
Yes,Moran,Kathryn,,,,,,,x,,x,,,x,,x,,x,,x,,x,,,,,,,,,,,,x,,x,,,x,,x,,,,,,,,x,,x,
Yes,Chan,Mei Lam,,,,,,,,,,,,,,,,,,,,,,,,,,,,,,,,,X,,,X,,,,,,,,,,,X,,X,
Yes,Kabir,Idowu,X,X,X,X,X,X,X,X,X,X,X,X,X,X,X,X,,X,,X,,,,,,,,,,,X,,X,X,,X,,X,X,,,X,X,,X,,,,,
Yes,Castillo,Laura,,,,,,,,,,,,,,,,,,,,,,x,,x,,,x,,x,,,x,,x,,x,x,x,x,x,x,,x,x,x,,,,,
No preference,Figura,Paul,,,,,,,,,,,,,,,,X,,X,,X,,,,,,,,,,,X,X,,X,,,X,,X,,X,,X,,X,,,,,X
Yes,Boan,Jonah,,,,,,,,,,,x,,x,,x,,,,,,x,,x,,x,,,,,,,,,,,,,,x,,x,x,x,,x,,,,,
Yes,Lossada,Vicente C,,,,,,,,,,,,,,,,,,,,,,,X,,,,,X,,,,,X,,,,,X,,,X,,X,,X,,,,,
Yes,Patel,Shivang,,,,,,,,,,,,,,,,,X,,X,,X,X,X,X,X,,X,,X,,,,,,,,,,,,X,,X,,X,,,,,
No preference,Shen,Leo,,,,,,,,,,,,,,,,,,,,,X,x,X,x,X,,x,,x,,,,,,,,,,,,,,,,,,,X,,x
Yes,Agrinsoni,Carlos Alberto,,,,,,,,,,,X,,X,,X,,,,,,,,,,,,,,,,,,,,,,,,,,,,X,,,,X,X,X,
Yes,Yang,Alexander,,,,,,,,,,,,,,,,X,,X,,X,X,X,X,X,X,,X,,X,,,,,,,,,,,,X,,X,,X,,,,,
Yes,Sterling,John,,,,,,,,,,,X,,X,,X,X,,X,,X,X,,X,X,X,,,,,,,X,,X,,,X,,X,,,,X,,,,,X,,
Yes,Hilmer,Kieran,,,,,,,,,,,,,,,,,,,,,,,,,X,,,,,X,,,X,,X,,X,X,X,,,X,,X,,,,,,
Yes,Ashton,Liam Morgan,X,X,X,X,X,X,X,X,X,X,X,X,,X,,X,X,,X,,X,X,,X,,x,x,,x,,x,x,,x,,x,x,,x,,,x,,x,x,,x,,x,x
Yes,Zehao,Song,X,X,X,X,X,X,X,X,X,X,,,,,,,,,,,,,,,,,,,,,,,,,,,,,,,,,,,,,,,,
Yes,De_Alba,Matiana,,,,,,,,,,,,,,,,X,,X,,X,,,,,,,,,,,,,,,,,,,,,X,,X,,X,,,,,
Yes,Lange,Peter,,,,,,,,,,,,,,,,,,,,,,X,,X,,,X,,X,,,,,,,,,,,,X,,X,,X,,,X,,
Yes,Perone,Harrison,,,,,,,,,,,X,,X,,X,,X,,X,,,X,,X,,,,,X,,,,,X,,,,,,,,,,,,,,,,
Yes,Samuel,Micah,,,,,,,X,,X,,,X,,X,,,X,,X,,,X,,X,,,,,,,,,,,,,,,,,,,,,,X,,X,,X
Yes,Ashamallah,Kyle,,,,,,,,,,,,,,,,,X,,X,,,X,,X,,,X,,X,,,X,,X,,,X,,X,,,,,,,,,X,,X
Yes,Pandit,Arnav,,,,,,,,,,,X,,X,,X,,,,,,,X,,X,,,X,,X,,,,,,,,,,,,,,,,,,,X,,X
Yes,Prabhu,Apoorv,,,,,,,,,,,X,,X,,X,,,,,,X,,X,,X,,,,,,,,,,,,,,,,,,,,,,,X,,X
Yes,Inna,Avyukth,,,,,,,,,,,,X,,,,X,,X,,X,,X,,X,,,X,,X,,X,,X,,X,,,,,,,,,,,,,,,
Yes,Harr,Ethan,,,,,,,,,,,,,,,,,,,,,X,,X,,X,,,,,,X,X,X,X,X,,X,X,X,,,,,,,,,,,
Yes,Long,Oliver,,,,,,,,,,,,,,,,,,,,,,,,,,,,,,,X,X,X,X,X,,X,,X,,,X,X,X,X,,,,,
Yes,Mattupalli,Akash,,,,,,,X,,X,,X,X,X,X,,X,,X,,X,,,,,,,X,,,,,,,,,,,,,,,,,,,,,,,
Yes,Flanary,Kevin,,,,,,,,,,,,,,,,,,,,,X,X,X,X,X,,X,,X,,,,,,,,,,,,X,,X,,X,,,,,X
Yes,Nayak,Sanchit,,,,,,,,,,,,,,,,X,,X,,X,,,,,,,,,,,,X,,X,,X,X,X,X,X,,,X,,,,X,X,X,
Yes,Bivort_Haiek,Filipe,,,,,,,,,,,,,,,,,,,,,,X,,X,,,X,,X,,,,,,,,X,,X,,,X,,X,X,,X,,X,
Yes,Xu,Yichuan,X,X,X,X,X,X,X,X,X,X,X,,X,,X,,,,,,X,,X,,X,,,,,,,,X,,,,X,X,X,,,X,,X,,,,,,
Yes,Pote,Sanjyot Sanjay,,,,,,,,,,,,,,,,,,,,,X,,X,,X,,,,,,,X,,X,,,,,,,,,,,,X,,X,,X
Yes,Yu,Lei,X,X,X,X,X,X,X,X,X,X,X,X,X,X,X,X,,X,,X,,,,,,,,,,,X,,,,,X,,,,,,,X,,,,X,X,X,
Yes,Hafez,Doha,,,,,,,X,,X,,,X,,X,,X,,X,,X,,,,,,,,,,,,,,,,,,,,,,,,,,,,,,
Yes,He,Henry,X,X,X,X,X,,,,,,X,,X,,X,X,,X,,X,X,,X,,X,X,,X,,X,,,X,,,,,X,,,X,,X,,X,,,,,X
Yes,Malaussena,Mathis,,,,,,,,,,,X,,X,,X,,,,,,,X,,X,,,X,,X,,,,,,,,,,,,,,,,,,,,,
Yes,Florian_Rodriguez,Mariaceleste,,,,,,,,,,,,,,,,,X,,X,,,X,,X,,,X,,X,,,,,,,,,,,,,,,,,,,,X,
Yes,Le,Khoa,,,,,,,,,,,X,,X,,X,,,,,,,,,,,,,,,,X,,X,,X,,X,,X,,,X,,X,,,,,,
Yes,Elmersawy,Ahmed,,,,,,,,,,,,,,,,,,,,,X,,X,,X,X,,X,,X,,X,,X,,,X,,X,,,,,,,,,,,
Yes,Nguyen,Henry,,,,,,X,,X,,X,,,,,,X,,X,,X,,,,,,,,,,,,X,,X,,,X,,X,,,,,,,,,X,,X
Yes,Srikanth,Aadithya,,,,,,,,,,,,,,,,,,,,,,,,,,,,,,,,,,,,,,,,,,,,,,,X,,X,
Yes,Walters,William,,,,,,,,,,,,,,,,,,,,,,,,,,,,,,,X,,X,,X,,,,,,X,,X,,X,,,,,
Yes,Romero,Bryan,,,,,,,,,,,X,,X,,X,,,,,,X,,X,,X,,,,,,,,,,,X,,X,,X,,,,,,,,,,
Yes,Chakravorti,Titir,,,,,,,X,,X,,X,X,,X,,X,X,,X,,X,X,,X,,,,,,,,,,,,,,,,,,,X,,,,,X,,
Yes,George,Jasmine,,,,,,,,,,,X,X,X,,X,,X,,,,X,,X,,X,,,X,,,,,,,,X,,X,,X,,,,,,,,,,
Yes,Gerrity,Darren,,,,,,,,,,,X,,X,,X,,,,,,X,,X,,X,,,,,,,,,,,,,,,,X,,X,,X,,X,,X,
Yes,Joo,Mingun,,,,,,,,,,,,,,,,,,,,,,X,,X,,,X,,X,,,,,,,,,,,,,,,,,,,,,
Yes,Doan,Dung,,,,,,,,,,,,,,,,,,,,,,,,,,,,,,,,,,,,,,,,,,,X,,X,,,,,
Yes,Bejar_Espejo,Eduardo,,,,,,,,,,,X,,X,,X,X,,X,,X,,,,,,,,,,,,,,,,,,,,,,,,,,,X,,X,
Yes,Deo,Ishan,,,,,,,,,,,,,,,,X,,X,,X,X,,X,,X,,,,,,,,,,,,,,,,X,,X,,X,,,,,
Yes,Carranza,Jose,,,,,,,,X,,,,,X,,,,,X,,,,,,,,,,,,,,X,,X,,X,X,X,X,X,,,,,,,,,,
Yes,Ghosh,Jasorsi,,,,,X,,,,,X,,,,,X,,,,,X,,X,,X,X,,X,,X,X,,,,,X,,,,,X,X,,,,,X,,X,,X
Yes,Arora,Saksham,,,,,,,X,,X,,,X,,X,,,,,,,,X,,X,,,X,,X,,X,,X,,X,,,,,,,,,,,,,X,,
Yes,Heinlen,Jessica,,,,,,,,,,,,,,,,,,,,,X,,X,,X,,,,,,X,,X,,X,,,,,,,,,,,,,,,
Yes,Huh,Joonsuh,,,,,,,,,,,,,,,,,X,,X,,,X,,X,,,X,,X,,,,,,,,X,,X,,,X,,X,,,,,,
Yes,Guo,Yihan,X,X,X,X,X,X,,X,,X,X,,X,,X,X,,X,,X,X,,X,,X,X,,X,,X,,,X,,,,,X,,,,,X,,,,,X,,X
